k_base,mag2,is_kmax,is_kfp,in_noise_win,thr
0.000000000000000000e+00,2.669704807158152787e-05,0.000000000000000000e+00,0.000000000000000000e+00,1.000000000000000000e+00,1.714775706850565418e-04
1.250000000000000000e-01,3.808750674887765351e-06,0.000000000000000000e+00,0.000000000000000000e+00,1.000000000000000000e+00,1.714775706850565418e-04
2.500000000000000000e-01,1.547723916998447931e-07,0.000000000000000000e+00,0.000000000000000000e+00,1.000000000000000000e+00,1.714775706850565418e-04
3.750000000000000000e-01,3.096956138084509409e-06,0.000000000000000000e+00,0.000000000000000000e+00,1.000000000000000000e+00,1.714775706850565418e-04
5.000000000000000000e-01,5.460715437499605512e-06,0.000000000000000000e+00,0.000000000000000000e+00,1.000000000000000000e+00,1.714775706850565418e-04
6.250000000000000000e-01,5.073842166716870545e-06,0.000000000000000000e+00,0.000000000000000000e+00,1.000000000000000000e+00,1.714775706850565418e-04
7.500000000000000000e-01,2.886963946533662870e-06,0.000000000000000000e+00,0.000000000000000000e+00,1.000000000000000000e+00,1.714775706850565418e-04
8.750000000000000000e-01,7.835523984939740657e-07,0.000000000000000000e+00,0.000000000000000000e+00,1.000000000000000000e+00,1.714775706850565418e-04
1.000000000000000000e+00,1.060843710091245712e-10,0.000000000000000000e+00,0.000000000000000000e+00,1.000000000000000000e+00,1.714775706850565418e-04
1.125000000000000000e+00,5.736645602548238146e-07,0.000000000000000000e+00,0.000000000000000000e+00,1.000000000000000000e+00,1.714775706850565418e-04
1.250000000000000000e+00,1.682333639811316237e-06,0.000000000000000000e+00,0.000000000000000000e+00,1.000000000000000000e+00,1.714775706850565418e-04
1.375000000000000000e+00,2.387800441112065892e-06,0.000000000000000000e+00,0.000000000000000000e+00,1.000000000000000000e+00,1.714775706850565418e-04
1.500000000000000000e+00,2.242723114204311468e-06,0.000000000000000000e+00,0.000000000000000000e+00,1.000000000000000000e+00,1.714775706850565418e-04
1.625000000000000000e+00,1.446818581566095858e-06,0.000000000000000000e+00,0.000000000000000000e+00,1.000000000000000000e+00,1.714775706850565418e-04
1.750000000000000000e+00,5.641355639103299918e-07,0.000000000000000000e+00,0.000000000000000000e+00,1.000000000000000000e+00,1.714775706850565418e-04
1.875000000000000000e+00,6.665913305418232288e-08,0.000000000000000000e+00,0.000000000000000000e+00,1.000000000000000000e+00,1.714775706850565418e-04
2.000000000000000000e+00,2.905483517812127614e-08,0.000000000000000000e+00,0.000000000000000000e+00,1.000000000000000000e+00,1.714775706850565418e-04
2.125000000000000000e+00,1.638014013055585836e-07,0.000000000000000000e+00,0.000000000000000000e+00,1.000000000000000000e+00,1.714775706850565418e-04
2.250000000000000000e+00,1.543166134634883724e-07,0.000000000000000000e+00,0.000000000000000000e+00,1.000000000000000000e+00,1.714775706850565418e-04
2.375000000000000000e+00,5.452088718635170460e-08,0.000000000000000000e+00,0.000000000000000000e+00,1.000000000000000000e+00,1.714775706850565418e-04
2.500000000000000000e+00,4.793795168374361034e-07,0.000000000000000000e+00,0.000000000000000000e+00,1.000000000000000000e+00,1.714775706850565418e-04
2.625000000000000000e+00,2.429252041087045516e-06,0.000000000000000000e+00,0.000000000000000000e+00,1.000000000000000000e+00,1.714775706850565418e-04
2.750000000000000000e+00,6.800326490360371107e-06,0.000000000000000000e+00,0.000000000000000000e+00,1.000000000000000000e+00,1.714775706850565418e-04
2.875000000000000000e+00,1.381789953012304008e-05,0.000000000000000000e+00,0.000000000000000000e+00,1.000000000000000000e+00,1.714775706850565418e-04
3.000000000000000000e+00,2.269035131028522927e-05,0.000000000000000000e+00,0.000000000000000000e+00,1.000000000000000000e+00,1.714775706850565418e-04
3.125000000000000000e+00,3.168829513565617456e-05,0.000000000000000000e+00,0.000000000000000000e+00,1.000000000000000000e+00,1.714775706850565418e-04
3.250000000000000000e+00,3.865437437871880108e-05,0.000000000000000000e+00,0.000000000000000000e+00,1.000000000000000000e+00,1.714775706850565418e-04
3.375000000000000000e+00,4.174484003190211692e-05,0.000000000000000000e+00,0.000000000000000000e+00,1.000000000000000000e+00,1.714775706850565418e-04
3.500000000000000000e+00,4.009378850392087226e-05,0.000000000000000000e+00,0.000000000000000000e+00,1.000000000000000000e+00,1.714775706850565418e-04
3.625000000000000000e+00,3.412453812038674527e-05,0.000000000000000000e+00,0.000000000000000000e+00,1.000000000000000000e+00,1.714775706850565418e-04
3.750000000000000000e+00,2.538887344711742000e-05,0.000000000000000000e+00,0.000000000000000000e+00,1.000000000000000000e+00,1.714775706850565418e-04
3.875000000000000000e+00,1.601623583402622778e-05,0.000000000000000000e+00,0.000000000000000000e+00,1.000000000000000000e+00,1.714775706850565418e-04
4.000000000000000000e+00,8.008192234486462280e-06,0.000000000000000000e+00,0.000000000000000000e+00,1.000000000000000000e+00,1.714775706850565418e-04
4.125000000000000000e+00,2.654796791077768512e-06,0.000000000000000000e+00,0.000000000000000000e+00,1.000000000000000000e+00,1.714775706850565418e-04
4.250000000000000000e+00,2.713409719454394566e-07,0.000000000000000000e+00,0.000000000000000000e+00,1.000000000000000000e+00,1.714775706850565418e-04
4.375000000000000000e+00,3.033600327838255967e-07,0.000000000000000000e+00,0.000000000000000000e+00,1.000000000000000000e+00,1.714775706850565418e-04
4.500000000000000000e+00,1.698362081601170518e-06,0.000000000000000000e+00,0.000000000000000000e+00,1.000000000000000000e+00,1.714775706850565418e-04
4.625000000000000000e+00,3.358156223679781639e-06,0.000000000000000000e+00,0.000000000000000000e+00,1.000000000000000000e+00,1.714775706850565418e-04
4.750000000000000000e+00,4.491586686997542758e-06,0.000000000000000000e+00,0.000000000000000000e+00,1.000000000000000000e+00,1.714775706850565418e-04
4.875000000000000000e+00,4.765464499131791146e-06,0.000000000000000000e+00,0.000000000000000000e+00,1.000000000000000000e+00,1.714775706850565418e-04
5.000000000000000000e+00,4.254267790941907752e-06,0.000000000000000000e+00,0.000000000000000000e+00,1.000000000000000000e+00,1.714775706850565418e-04
5.125000000000000000e+00,3.267354143396754083e-06,0.000000000000000000e+00,0.000000000000000000e+00,1.000000000000000000e+00,1.714775706850565418e-04
5.250000000000000000e+00,2.157779682108921344e-06,0.000000000000000000e+00,0.000000000000000000e+00,1.000000000000000000e+00,1.714775706850565418e-04
5.375000000000000000e+00,1.191418563392545388e-06,0.000000000000000000e+00,0.000000000000000000e+00,1.000000000000000000e+00,1.714775706850565418e-04
5.500000000000000000e+00,5.039432240342902695e-07,0.000000000000000000e+00,0.000000000000000000e+00,1.000000000000000000e+00,1.714775706850565418e-04
5.625000000000000000e+00,1.270609821573913903e-07,0.000000000000000000e+00,0.000000000000000000e+00,1.000000000000000000e+00,1.714775706850565418e-04
5.750000000000000000e+00,4.398204968075314893e-08,0.000000000000000000e+00,0.000000000000000000e+00,1.000000000000000000e+00,1.714775706850565418e-04
5.875000000000000000e+00,2.388988337443417998e-07,0.000000000000000000e+00,0.000000000000000000e+00,1.000000000000000000e+00,1.714775706850565418e-04
6.000000000000000000e+00,7.235772701050644528e-07,0.000000000000000000e+00,0.000000000000000000e+00,1.000000000000000000e+00,1.714775706850565418e-04
6.125000000000000000e+00,1.540246987311925991e-06,0.000000000000000000e+00,0.000000000000000000e+00,1.000000000000000000e+00,1.714775706850565418e-04
6.250000000000000000e+00,2.745504889298366152e-06,0.000000000000000000e+00,0.000000000000000000e+00,1.000000000000000000e+00,1.714775706850565418e-04
6.375000000000000000e+00,4.377615005985196230e-06,0.000000000000000000e+00,0.000000000000000000e+00,1.000000000000000000e+00,1.714775706850565418e-04
6.500000000000000000e+00,6.408601972153334873e-06,0.000000000000000000e+00,0.000000000000000000e+00,1.000000000000000000e+00,1.714775706850565418e-04
6.625000000000000000e+00,8.689923612588807444e-06,0.000000000000000000e+00,0.000000000000000000e+00,1.000000000000000000e+00,1.714775706850565418e-04
6.750000000000000000e+00,1.091453070912749177e-05,0.000000000000000000e+00,0.000000000000000000e+00,1.000000000000000000e+00,1.714775706850565418e-04
6.875000000000000000e+00,1.262834843737629112e-05,0.000000000000000000e+00,0.000000000000000000e+00,1.000000000000000000e+00,1.714775706850565418e-04
7.000000000000000000e+00,1.331834624858360409e-05,0.000000000000000000e+00,0.000000000000000000e+00,1.000000000000000000e+00,1.714775706850565418e-04
7.125000000000000000e+00,1.257746361635149285e-05,0.000000000000000000e+00,0.000000000000000000e+00,1.000000000000000000e+00,1.714775706850565418e-04
7.250000000000000000e+00,1.030673450553521815e-05,0.000000000000000000e+00,0.000000000000000000e+00,1.000000000000000000e+00,1.714775706850565418e-04
7.375000000000000000e+00,6.880866895098644959e-06,0.000000000000000000e+00,0.000000000000000000e+00,1.000000000000000000e+00,1.714775706850565418e-04
7.500000000000000000e+00,3.195747259842155065e-06,0.000000000000000000e+00,0.000000000000000000e+00,1.000000000000000000e+00,1.714775706850565418e-04
7.625000000000000000e+00,5.453516980475215278e-07,0.000000000000000000e+00,0.000000000000000000e+00,1.000000000000000000e+00,1.714775706850565418e-04
7.750000000000000000e+00,3.345424356357536764e-07,0.000000000000000000e+00,0.000000000000000000e+00,1.000000000000000000e+00,1.714775706850565418e-04
7.875000000000000000e+00,3.700433888943015622e-06,0.000000000000000000e+00,0.000000000000000000e+00,1.000000000000000000e+00,1.714775706850565418e-04
8.000000000000000000e+00,1.115958236914324995e-05,0.000000000000000000e+00,0.000000000000000000e+00,1.000000000000000000e+00,1.714775706850565418e-04
8.125000000000000000e+00,2.239993035033393577e-05,0.000000000000000000e+00,0.000000000000000000e+00,1.000000000000000000e+00,1.714775706850565418e-04
8.250000000000000000e+00,3.629204555100797031e-05,0.000000000000000000e+00,0.000000000000000000e+00,1.000000000000000000e+00,1.714775706850565418e-04
8.375000000000000000e+00,5.112062012485219003e-05,0.000000000000000000e+00,0.000000000000000000e+00,1.000000000000000000e+00,1.714775706850565418e-04
8.500000000000000000e+00,6.496381983041314603e-05,0.000000000000000000e+00,0.000000000000000000e+00,1.000000000000000000e+00,1.714775706850565418e-04
8.625000000000000000e+00,7.610349606691481318e-05,0.000000000000000000e+00,0.000000000000000000e+00,1.000000000000000000e+00,1.714775706850565418e-04
8.750000000000000000e+00,8.334884270938713771e-05,0.000000000000000000e+00,0.000000000000000000e+00,1.000000000000000000e+00,1.714775706850565418e-04
8.875000000000000000e+00,8.619611860014458362e-05,0.000000000000000000e+00,0.000000000000000000e+00,1.000000000000000000e+00,1.714775706850565418e-04
9.000000000000000000e+00,8.480807315091038313e-05,0.000000000000000000e+00,0.000000000000000000e+00,1.000000000000000000e+00,1.714775706850565418e-04
9.125000000000000000e+00,7.985336237425692655e-05,0.000000000000000000e+00,0.000000000000000000e+00,1.000000000000000000e+00,1.714775706850565418e-04
9.250000000000000000e+00,7.227875271266997288e-05,0.000000000000000000e+00,0.000000000000000000e+00,1.000000000000000000e+00,1.714775706850565418e-04
9.375000000000000000e+00,6.308848682126980915e-05,0.000000000000000000e+00,0.000000000000000000e+00,1.000000000000000000e+00,1.714775706850565418e-04
9.500000000000000000e+00,5.318249641890787258e-05,0.000000000000000000e+00,0.000000000000000000e+00,1.000000000000000000e+00,1.714775706850565418e-04
9.625000000000000000e+00,4.327270136786464646e-05,0.000000000000000000e+00,0.000000000000000000e+00,1.000000000000000000e+00,1.714775706850565418e-04
9.750000000000000000e+00,3.386876010854152655e-05,0.000000000000000000e+00,0.000000000000000000e+00,1.000000000000000000e+00,1.714775706850565418e-04
9.875000000000000000e+00,2.530937146693372839e-05,0.000000000000000000e+00,0.000000000000000000e+00,1.000000000000000000e+00,1.714775706850565418e-04
1.000000000000000000e+01,1.781272694196373539e-05,0.000000000000000000e+00,0.000000000000000000e+00,1.000000000000000000e+00,1.714775706850565418e-04
1.012500000000000000e+01,1.152497069351934054e-05,0.000000000000000000e+00,0.000000000000000000e+00,1.000000000000000000e+00,1.714775706850565418e-04
1.025000000000000000e+01,6.552924163306869089e-06,0.000000000000000000e+00,0.000000000000000000e+00,1.000000000000000000e+00,1.714775706850565418e-04
1.037500000000000000e+01,2.973996462439580777e-06,0.000000000000000000e+00,0.000000000000000000e+00,1.000000000000000000e+00,1.714775706850565418e-04
1.050000000000000000e+01,8.224092450731394202e-07,0.000000000000000000e+00,0.000000000000000000e+00,1.000000000000000000e+00,1.714775706850565418e-04
1.062500000000000000e+01,5.792351791175559961e-08,0.000000000000000000e+00,0.000000000000000000e+00,1.000000000000000000e+00,1.714775706850565418e-04
1.075000000000000000e+01,5.308461035303773204e-07,0.000000000000000000e+00,0.000000000000000000e+00,1.000000000000000000e+00,1.714775706850565418e-04
1.087500000000000000e+01,1.962256432490205254e-06,0.000000000000000000e+00,0.000000000000000000e+00,1.000000000000000000e+00,1.714775706850565418e-04
1.100000000000000000e+01,3.957046483255575814e-06,0.000000000000000000e+00,0.000000000000000000e+00,1.000000000000000000e+00,1.714775706850565418e-04
1.112500000000000000e+01,6.057379045035330510e-06,0.000000000000000000e+00,0.000000000000000000e+00,1.000000000000000000e+00,1.714775706850565418e-04
1.125000000000000000e+01,7.827855968149843082e-06,0.000000000000000000e+00,0.000000000000000000e+00,1.000000000000000000e+00,1.714775706850565418e-04
1.137500000000000000e+01,8.947771062900505680e-06,0.000000000000000000e+00,0.000000000000000000e+00,1.000000000000000000e+00,1.714775706850565418e-04
1.150000000000000000e+01,9.278458786869187491e-06,0.000000000000000000e+00,0.000000000000000000e+00,1.000000000000000000e+00,1.714775706850565418e-04
1.162500000000000000e+01,8.880082176382855124e-06,0.000000000000000000e+00,0.000000000000000000e+00,1.000000000000000000e+00,1.714775706850565418e-04
1.175000000000000000e+01,7.970982538445313569e-06,0.000000000000000000e+00,0.000000000000000000e+00,1.000000000000000000e+00,1.714775706850565418e-04
1.187500000000000000e+01,6.846131050342475919e-06,0.000000000000000000e+00,0.000000000000000000e+00,1.000000000000000000e+00,1.714775706850565418e-04
1.200000000000000000e+01,5.788369779187998211e-06,0.000000000000000000e+00,0.000000000000000000e+00,1.000000000000000000e+00,1.714775706850565418e-04
1.212500000000000000e+01,5.008436440545309042e-06,0.000000000000000000e+00,0.000000000000000000e+00,1.000000000000000000e+00,1.714775706850565418e-04
1.225000000000000000e+01,4.635560473307174177e-06,0.000000000000000000e+00,0.000000000000000000e+00,1.000000000000000000e+00,1.714775706850565418e-04
1.237500000000000000e+01,4.756091840206464411e-06,0.000000000000000000e+00,0.000000000000000000e+00,1.000000000000000000e+00,1.714775706850565418e-04
1.250000000000000000e+01,5.474671653682160367e-06,0.000000000000000000e+00,0.000000000000000000e+00,1.000000000000000000e+00,1.714775706850565418e-04
1.262500000000000000e+01,6.961821994896980726e-06,0.000000000000000000e+00,0.000000000000000000e+00,1.000000000000000000e+00,1.714775706850565418e-04
1.275000000000000000e+01,9.458501515878810066e-06,0.000000000000000000e+00,0.000000000000000000e+00,1.000000000000000000e+00,1.714775706850565418e-04
1.287500000000000000e+01,1.322875581701704019e-05,0.000000000000000000e+00,0.000000000000000000e+00,1.000000000000000000e+00,1.714775706850565418e-04
1.300000000000000000e+01,1.847614144455066968e-05,0.000000000000000000e+00,0.000000000000000000e+00,1.000000000000000000e+00,1.714775706850565418e-04
1.312500000000000000e+01,2.525662706225986447e-05,0.000000000000000000e+00,0.000000000000000000e+00,1.000000000000000000e+00,1.714775706850565418e-04
1.325000000000000000e+01,3.342271574325789466e-05,0.000000000000000000e+00,0.000000000000000000e+00,1.000000000000000000e+00,1.714775706850565418e-04
1.337500000000000000e+01,4.262048972066732010e-05,0.000000000000000000e+00,0.000000000000000000e+00,1.000000000000000000e+00,1.714775706850565418e-04
1.350000000000000000e+01,5.233995457513649383e-05,0.000000000000000000e+00,0.000000000000000000e+00,1.000000000000000000e+00,1.714775706850565418e-04
1.362500000000000000e+01,6.199939192464357779e-05,0.000000000000000000e+00,0.000000000000000000e+00,1.000000000000000000e+00,1.714775706850565418e-04
1.375000000000000000e+01,7.103455924914562096e-05,0.000000000000000000e+00,0.000000000000000000e+00,1.000000000000000000e+00,1.714775706850565418e-04
1.387500000000000000e+01,7.896629668135496860e-05,0.000000000000000000e+00,0.000000000000000000e+00,1.000000000000000000e+00,1.714775706850565418e-04
1.400000000000000000e+01,8.543231071338528273e-05,0.000000000000000000e+00,0.000000000000000000e+00,1.000000000000000000e+00,1.714775706850565418e-04
1.412500000000000000e+01,9.018396561438641050e-05,0.000000000000000000e+00,0.000000000000000000e+00,1.000000000000000000e+00,1.714775706850565418e-04
1.425000000000000000e+01,9.306034166318973109e-05,0.000000000000000000e+00,0.000000000000000000e+00,1.000000000000000000e+00,1.714775706850565418e-04
1.437500000000000000e+01,9.395622713200931972e-05,0.000000000000000000e+00,0.000000000000000000e+00,1.000000000000000000e+00,1.714775706850565418e-04
1.450000000000000000e+01,9.279859705599503199e-05,0.000000000000000000e+00,0.000000000000000000e+00,1.000000000000000000e+00,1.714775706850565418e-04
1.462500000000000000e+01,8.954049433275520391e-05,0.000000000000000000e+00,0.000000000000000000e+00,1.000000000000000000e+00,1.714775706850565418e-04
1.475000000000000000e+01,8.417519345171552950e-05,0.000000000000000000e+00,0.000000000000000000e+00,1.000000000000000000e+00,1.714775706850565418e-04
1.487500000000000000e+01,7.676857838086867847e-05,0.000000000000000000e+00,0.000000000000000000e+00,1.000000000000000000e+00,1.714775706850565418e-04
1.500000000000000000e+01,6.750347433330311162e-05,0.000000000000000000e+00,0.000000000000000000e+00,1.000000000000000000e+00,1.714775706850565418e-04
1.512500000000000000e+01,5.672537260892313000e-05,0.000000000000000000e+00,0.000000000000000000e+00,1.000000000000000000e+00,1.714775706850565418e-04
1.525000000000000000e+01,4.497479805410314153e-05,0.000000000000000000e+00,0.000000000000000000e+00,1.000000000000000000e+00,1.714775706850565418e-04
1.537500000000000000e+01,3.298946490354528604e-05,0.000000000000000000e+00,0.000000000000000000e+00,1.000000000000000000e+00,1.714775706850565418e-04
1.550000000000000000e+01,2.166217410044231166e-05,0.000000000000000000e+00,0.000000000000000000e+00,1.000000000000000000e+00,1.714775706850565418e-04
1.562500000000000000e+01,1.194978731108428121e-05,0.000000000000000000e+00,0.000000000000000000e+00,1.000000000000000000e+00,1.714775706850565418e-04
1.575000000000000000e+01,4.743242313837974175e-06,0.000000000000000000e+00,0.000000000000000000e+00,1.000000000000000000e+00,1.714775706850565418e-04
1.587500000000000000e+01,7.237972364754491110e-07,0.000000000000000000e+00,0.000000000000000000e+00,1.000000000000000000e+00,1.714775706850565418e-04
1.600000000000000000e+01,2.401829247512341460e-07,0.000000000000000000e+00,0.000000000000000000e+00,1.000000000000000000e+00,1.714775706850565418e-04
1.612500000000000000e+01,3.240071685921790169e-06,0.000000000000000000e+00,0.000000000000000000e+00,1.000000000000000000e+00,1.714775706850565418e-04
1.625000000000000000e+01,9.276230319796076069e-06,0.000000000000000000e+00,0.000000000000000000e+00,1.000000000000000000e+00,1.714775706850565418e-04
1.637500000000000000e+01,1.758690099584082973e-05,0.000000000000000000e+00,0.000000000000000000e+00,1.000000000000000000e+00,1.714775706850565418e-04
1.650000000000000000e+01,2.722886559314092035e-05,0.000000000000000000e+00,0.000000000000000000e+00,1.000000000000000000e+00,1.714775706850565418e-04
1.662500000000000000e+01,3.722810118006138262e-05,0.000000000000000000e+00,0.000000000000000000e+00,1.000000000000000000e+00,1.714775706850565418e-04
1.675000000000000000e+01,4.671156471883740753e-05,0.000000000000000000e+00,0.000000000000000000e+00,1.000000000000000000e+00,1.714775706850565418e-04
1.687500000000000000e+01,5.499399839967403117e-05,0.000000000000000000e+00,0.000000000000000000e+00,1.000000000000000000e+00,1.714775706850565418e-04
1.700000000000000000e+01,6.161068060196800086e-05,0.000000000000000000e+00,0.000000000000000000e+00,1.000000000000000000e+00,1.714775706850565418e-04
1.712500000000000000e+01,6.630371663234167648e-05,0.000000000000000000e+00,0.000000000000000000e+00,1.000000000000000000e+00,1.714775706850565418e-04
1.725000000000000000e+01,6.897998565886670496e-05,0.000000000000000000e+00,0.000000000000000000e+00,1.000000000000000000e+00,1.714775706850565418e-04
1.737500000000000000e+01,6.966100261036531609e-05,0.000000000000000000e+00,0.000000000000000000e+00,1.000000000000000000e+00,1.714775706850565418e-04
1.750000000000000000e+01,6.844032040254748592e-05,0.000000000000000000e+00,0.000000000000000000e+00,1.000000000000000000e+00,1.714775706850565418e-04
1.762500000000000000e+01,6.545653197689422196e-05,0.000000000000000000e+00,0.000000000000000000e+00,1.000000000000000000e+00,1.714775706850565418e-04
1.775000000000000000e+01,6.088313107592991519e-05,0.000000000000000000e+00,0.000000000000000000e+00,1.000000000000000000e+00,1.714775706850565418e-04
1.787500000000000000e+01,5.493223580130540408e-05,0.000000000000000000e+00,0.000000000000000000e+00,1.000000000000000000e+00,1.714775706850565418e-04
1.800000000000000000e+01,4.786706362229325962e-05,0.000000000000000000e+00,0.000000000000000000e+00,1.000000000000000000e+00,1.714775706850565418e-04
1.812500000000000000e+01,4.001662590251511039e-05,0.000000000000000000e+00,0.000000000000000000e+00,1.000000000000000000e+00,1.714775706850565418e-04
1.825000000000000000e+01,3.178453248778922649e-05,0.000000000000000000e+00,0.000000000000000000e+00,1.000000000000000000e+00,1.714775706850565418e-04
1.837500000000000000e+01,2.364275746513943454e-05,0.000000000000000000e+00,0.000000000000000000e+00,1.000000000000000000e+00,1.714775706850565418e-04
1.850000000000000000e+01,1.610257347574725609e-05,0.000000000000000000e+00,0.000000000000000000e+00,1.000000000000000000e+00,1.714775706850565418e-04
1.862500000000000000e+01,9.660155277978792879e-06,0.000000000000000000e+00,0.000000000000000000e+00,1.000000000000000000e+00,1.714775706850565418e-04
1.875000000000000000e+01,4.723222789189817883e-06,0.000000000000000000e+00,0.000000000000000000e+00,1.000000000000000000e+00,1.714775706850565418e-04
1.887500000000000000e+01,1.534700213688450304e-06,0.000000000000000000e+00,0.000000000000000000e+00,1.000000000000000000e+00,1.714775706850565418e-04
1.900000000000000000e+01,1.153702806320147619e-07,0.000000000000000000e+00,0.000000000000000000e+00,1.000000000000000000e+00,1.714775706850565418e-04
1.912500000000000000e+01,2.461948610471894370e-07,0.000000000000000000e+00,0.000000000000000000e+00,1.000000000000000000e+00,1.714775706850565418e-04
1.925000000000000000e+01,1.501436016804836231e-06,0.000000000000000000e+00,0.000000000000000000e+00,1.000000000000000000e+00,1.714775706850565418e-04
1.937500000000000000e+01,3.328732462889433101e-06,0.000000000000000000e+00,0.000000000000000000e+00,1.000000000000000000e+00,1.714775706850565418e-04
1.950000000000000000e+01,5.157416930979791130e-06,0.000000000000000000e+00,0.000000000000000000e+00,1.000000000000000000e+00,1.714775706850565418e-04
1.962500000000000000e+01,6.507483264360473734e-06,0.000000000000000000e+00,0.000000000000000000e+00,1.000000000000000000e+00,1.714775706850565418e-04
1.975000000000000000e+01,7.072225131923073238e-06,0.000000000000000000e+00,0.000000000000000000e+00,1.000000000000000000e+00,1.714775706850565418e-04
1.987500000000000000e+01,6.757164701585130398e-06,0.000000000000000000e+00,0.000000000000000000e+00,1.000000000000000000e+00,1.714775706850565418e-04
2.000000000000000000e+01,5.672266394740837625e-06,0.000000000000000000e+00,0.000000000000000000e+00,1.000000000000000000e+00,1.714775706850565418e-04
2.012500000000000000e+01,4.087735696033011149e-06,0.000000000000000000e+00,0.000000000000000000e+00,1.000000000000000000e+00,1.714775706850565418e-04
2.025000000000000000e+01,2.371149786120194840e-06,0.000000000000000000e+00,0.000000000000000000e+00,1.000000000000000000e+00,1.714775706850565418e-04
2.037500000000000000e+01,9.235461022558150438e-07,0.000000000000000000e+00,0.000000000000000000e+00,1.000000000000000000e+00,1.714775706850565418e-04
2.050000000000000000e+01,1.261424456147077100e-07,0.000000000000000000e+00,0.000000000000000000e+00,1.000000000000000000e+00,1.714775706850565418e-04
2.062500000000000000e+01,3.014513697093423740e-07,0.000000000000000000e+00,0.000000000000000000e+00,1.000000000000000000e+00,1.714775706850565418e-04
2.075000000000000000e+01,1.686540624267111258e-06,0.000000000000000000e+00,0.000000000000000000e+00,1.000000000000000000e+00,1.714775706850565418e-04
2.087500000000000000e+01,4.414112910033835835e-06,0.000000000000000000e+00,0.000000000000000000e+00,1.000000000000000000e+00,1.714775706850565418e-04
2.100000000000000000e+01,8.498550243564898413e-06,0.000000000000000000e+00,0.000000000000000000e+00,1.000000000000000000e+00,1.714775706850565418e-04
2.112500000000000000e+01,1.382705222369465272e-05,0.000000000000000000e+00,0.000000000000000000e+00,1.000000000000000000e+00,1.714775706850565418e-04
2.125000000000000000e+01,2.015827725960599994e-05,0.000000000000000000e+00,0.000000000000000000e+00,1.000000000000000000e+00,1.714775706850565418e-04
2.137500000000000000e+01,2.713133296495084308e-05,0.000000000000000000e+00,0.000000000000000000e+00,1.000000000000000000e+00,1.714775706850565418e-04
2.150000000000000000e+01,3.428683806740005389e-05,0.000000000000000000e+00,0.000000000000000000e+00,1.000000000000000000e+00,1.714775706850565418e-04
2.162500000000000000e+01,4.110017192303556423e-05,0.000000000000000000e+00,0.000000000000000000e+00,1.000000000000000000e+00,1.714775706850565418e-04
2.175000000000000000e+01,4.702578355092784017e-05,0.000000000000000000e+00,0.000000000000000000e+00,1.000000000000000000e+00,1.714775706850565418e-04
2.187500000000000000e+01,5.155049067746227039e-05,0.000000000000000000e+00,0.000000000000000000e+00,1.000000000000000000e+00,1.714775706850565418e-04
2.200000000000000000e+01,5.425226141844585211e-05,0.000000000000000000e+00,0.000000000000000000e+00,0.000000000000000000e+00,1.714775706850565418e-04
2.212500000000000000e+01,5.485836756791763355e-05,0.000000000000000000e+00,0.000000000000000000e+00,0.000000000000000000e+00,1.714775706850565418e-04
2.225000000000000000e+01,5.329342368145143996e-05,0.000000000000000000e+00,0.000000000000000000e+00,0.000000000000000000e+00,1.714775706850565418e-04
2.237500000000000000e+01,4.970540420870535163e-05,0.000000000000000000e+00,0.000000000000000000e+00,0.000000000000000000e+00,1.714775706850565418e-04
2.250000000000000000e+01,4.445857737783044916e-05,0.000000000000000000e+00,0.000000000000000000e+00,0.000000000000000000e+00,1.714775706850565418e-04
2.262500000000000000e+01,3.808789587082937365e-05,0.000000000000000000e+00,0.000000000000000000e+00,0.000000000000000000e+00,1.714775706850565418e-04
2.275000000000000000e+01,3.121911912312186246e-05,0.000000000000000000e+00,0.000000000000000000e+00,0.000000000000000000e+00,1.714775706850565418e-04
2.287500000000000000e+01,2.446979494238140409e-05,0.000000000000000000e+00,0.000000000000000000e+00,0.000000000000000000e+00,1.714775706850565418e-04
2.300000000000000000e+01,1.835384710022963794e-05,0.000000000000000000e+00,0.000000000000000000e+00,0.000000000000000000e+00,1.714775706850565418e-04
2.312500000000000000e+01,1.321320277206286368e-05,0.000000000000000000e+00,0.000000000000000000e+00,0.000000000000000000e+00,1.714775706850565418e-04
2.325000000000000000e+01,9.192534879168427073e-06,0.000000000000000000e+00,0.000000000000000000e+00,0.000000000000000000e+00,1.714775706850565418e-04
2.337500000000000000e+01,6.260075770658625276e-06,0.000000000000000000e+00,0.000000000000000000e+00,0.000000000000000000e+00,1.714775706850565418e-04
2.350000000000000000e+01,4.263452887444363451e-06,0.000000000000000000e+00,0.000000000000000000e+00,0.000000000000000000e+00,1.714775706850565418e-04
2.362500000000000000e+01,2.999944908362797047e-06,0.000000000000000000e+00,0.000000000000000000e+00,0.000000000000000000e+00,1.714775706850565418e-04
2.375000000000000000e+01,2.278872210242982512e-06,0.000000000000000000e+00,0.000000000000000000e+00,0.000000000000000000e+00,1.714775706850565418e-04
2.387500000000000000e+01,1.960024671953320866e-06,0.000000000000000000e+00,0.000000000000000000e+00,0.000000000000000000e+00,1.714775706850565418e-04
2.400000000000000000e+01,1.962851595286428578e-06,0.000000000000000000e+00,0.000000000000000000e+00,0.000000000000000000e+00,1.714775706850565418e-04
2.412500000000000000e+01,2.251781244238013211e-06,0.000000000000000000e+00,0.000000000000000000e+00,0.000000000000000000e+00,1.714775706850565418e-04
2.425000000000000000e+01,2.809421928102604144e-06,0.000000000000000000e+00,0.000000000000000000e+00,0.000000000000000000e+00,1.714775706850565418e-04
2.437500000000000000e+01,3.609928700219014214e-06,0.000000000000000000e+00,0.000000000000000000e+00,0.000000000000000000e+00,1.714775706850565418e-04
2.450000000000000000e+01,4.600764780097415347e-06,0.000000000000000000e+00,0.000000000000000000e+00,0.000000000000000000e+00,1.714775706850565418e-04
2.462500000000000000e+01,5.695498535972509251e-06,0.000000000000000000e+00,0.000000000000000000e+00,0.000000000000000000e+00,1.714775706850565418e-04
2.475000000000000000e+01,6.776173903626906354e-06,0.000000000000000000e+00,0.000000000000000000e+00,0.000000000000000000e+00,1.714775706850565418e-04
2.487500000000000000e+01,7.702611627368006689e-06,0.000000000000000000e+00,0.000000000000000000e+00,0.000000000000000000e+00,1.714775706850565418e-04
2.500000000000000000e+01,8.327120213037512357e-06,0.000000000000000000e+00,0.000000000000000000e+00,0.000000000000000000e+00,1.714775706850565418e-04
2.512500000000000000e+01,8.514574871046350256e-06,0.000000000000000000e+00,0.000000000000000000e+00,0.000000000000000000e+00,1.714775706850565418e-04
2.525000000000000000e+01,8.167795573023117962e-06,0.000000000000000000e+00,0.000000000000000000e+00,0.000000000000000000e+00,1.714775706850565418e-04
2.537500000000000000e+01,7.256040297466203997e-06,0.000000000000000000e+00,0.000000000000000000e+00,0.000000000000000000e+00,1.714775706850565418e-04
2.550000000000000000e+01,5.841249198690254805e-06,0.000000000000000000e+00,0.000000000000000000e+00,0.000000000000000000e+00,1.714775706850565418e-04
2.562500000000000000e+01,4.094375262761404241e-06,0.000000000000000000e+00,0.000000000000000000e+00,0.000000000000000000e+00,1.714775706850565418e-04
2.575000000000000000e+01,2.294376125372972437e-06,0.000000000000000000e+00,0.000000000000000000e+00,0.000000000000000000e+00,1.714775706850565418e-04
2.587500000000000000e+01,8.056072920323627425e-07,0.000000000000000000e+00,0.000000000000000000e+00,0.000000000000000000e+00,1.714775706850565418e-04
2.600000000000000000e+01,3.437201058364968174e-08,0.000000000000000000e+00,0.000000000000000000e+00,0.000000000000000000e+00,1.714775706850565418e-04
2.612500000000000000e+01,3.703674468025586885e-07,0.000000000000000000e+00,0.000000000000000000e+00,0.000000000000000000e+00,1.714775706850565418e-04
2.625000000000000000e+01,2.122095181880247405e-06,0.000000000000000000e+00,0.000000000000000000e+00,0.000000000000000000e+00,1.714775706850565418e-04
2.637500000000000000e+01,5.456390733126109782e-06,0.000000000000000000e+00,0.000000000000000000e+00,0.000000000000000000e+00,1.714775706850565418e-04
2.650000000000000000e+01,1.035157922633587731e-05,0.000000000000000000e+00,0.000000000000000000e+00,0.000000000000000000e+00,1.714775706850565418e-04
2.662500000000000000e+01,1.657233421291274633e-05,0.000000000000000000e+00,0.000000000000000000e+00,0.000000000000000000e+00,1.714775706850565418e-04
2.675000000000000000e+01,2.367263566357025945e-05,0.000000000000000000e+00,0.000000000000000000e+00,0.000000000000000000e+00,1.714775706850565418e-04
2.687500000000000000e+01,3.103094755365848139e-05,0.000000000000000000e+00,0.000000000000000000e+00,0.000000000000000000e+00,1.714775706850565418e-04
2.700000000000000000e+01,3.791795194027821464e-05,0.000000000000000000e+00,0.000000000000000000e+00,0.000000000000000000e+00,1.714775706850565418e-04
2.712500000000000000e+01,4.359131027014290791e-05,0.000000000000000000e+00,0.000000000000000000e+00,0.000000000000000000e+00,1.714775706850565418e-04
2.725000000000000000e+01,4.740465239167668032e-05,0.000000000000000000e+00,0.000000000000000000e+00,0.000000000000000000e+00,1.714775706850565418e-04
2.737500000000000000e+01,4.891150257927531553e-05,0.000000000000000000e+00,0.000000000000000000e+00,0.000000000000000000e+00,1.714775706850565418e-04
2.750000000000000000e+01,4.794209765279468038e-05,0.000000000000000000e+00,0.000000000000000000e+00,0.000000000000000000e+00,1.714775706850565418e-04
2.762500000000000000e+01,4.463432588252092632e-05,0.000000000000000000e+00,0.000000000000000000e+00,0.000000000000000000e+00,1.714775706850565418e-04
2.775000000000000000e+01,3.940953548826211199e-05,0.000000000000000000e+00,0.000000000000000000e+00,0.000000000000000000e+00,1.714775706850565418e-04
2.787500000000000000e+01,3.289732564781975221e-05,0.000000000000000000e+00,0.000000000000000000e+00,0.000000000000000000e+00,1.714775706850565418e-04
2.800000000000000000e+01,2.582634145654614651e-05,0.000000000000000000e+00,0.000000000000000000e+00,0.000000000000000000e+00,1.714775706850565418e-04
2.812500000000000000e+01,1.890609312540841776e-05,0.000000000000000000e+00,0.000000000000000000e+00,0.000000000000000000e+00,1.714775706850565418e-04
2.825000000000000000e+01,1.272523668787082985e-05,0.000000000000000000e+00,0.000000000000000000e+00,0.000000000000000000e+00,1.714775706850565418e-04
2.837500000000000000e+01,7.684861833076895172e-06,0.000000000000000000e+00,0.000000000000000000e+00,0.000000000000000000e+00,1.714775706850565418e-04
2.850000000000000000e+01,3.974151378792500559e-06,0.000000000000000000e+00,0.000000000000000000e+00,0.000000000000000000e+00,1.714775706850565418e-04
2.862500000000000000e+01,1.584618072811794635e-06,0.000000000000000000e+00,0.000000000000000000e+00,0.000000000000000000e+00,1.714775706850565418e-04
2.875000000000000000e+01,3.516357283377131533e-07,0.000000000000000000e+00,0.000000000000000000e+00,0.000000000000000000e+00,1.714775706850565418e-04
2.887500000000000000e+01,9.674816670573403821e-09,0.000000000000000000e+00,0.000000000000000000e+00,0.000000000000000000e+00,1.714775706850565418e-04
2.900000000000000000e+01,2.496088428941639296e-07,0.000000000000000000e+00,0.000000000000000000e+00,0.000000000000000000e+00,1.714775706850565418e-04
2.912500000000000000e+01,7.702540294723253268e-07,0.000000000000000000e+00,0.000000000000000000e+00,0.000000000000000000e+00,1.714775706850565418e-04
2.925000000000000000e+01,1.319556020873951185e-06,0.000000000000000000e+00,0.000000000000000000e+00,0.000000000000000000e+00,1.714775706850565418e-04
2.937500000000000000e+01,1.722465894266288708e-06,0.000000000000000000e+00,0.000000000000000000e+00,0.000000000000000000e+00,1.714775706850565418e-04
2.950000000000000000e+01,1.893108201231790700e-06,0.000000000000000000e+00,0.000000000000000000e+00,0.000000000000000000e+00,1.714775706850565418e-04
2.962500000000000000e+01,1.829811278204911327e-06,0.000000000000000000e+00,0.000000000000000000e+00,0.000000000000000000e+00,1.714775706850565418e-04
2.975000000000000000e+01,1.594102886160501521e-06,0.000000000000000000e+00,0.000000000000000000e+00,0.000000000000000000e+00,1.714775706850565418e-04
2.987500000000000000e+01,1.278739606712803452e-06,0.000000000000000000e+00,0.000000000000000000e+00,0.000000000000000000e+00,1.714775706850565418e-04
3.000000000000000000e+01,9.737028815693065792e-07,0.000000000000000000e+00,0.000000000000000000e+00,0.000000000000000000e+00,1.714775706850565418e-04
3.012500000000000000e+01,7.407452823795843659e-07,0.000000000000000000e+00,0.000000000000000000e+00,0.000000000000000000e+00,1.714775706850565418e-04
3.025000000000000000e+01,6.050747799789348525e-07,0.000000000000000000e+00,0.000000000000000000e+00,0.000000000000000000e+00,1.714775706850565418e-04
3.037500000000000000e+01,5.673159809759933987e-07,0.000000000000000000e+00,0.000000000000000000e+00,0.000000000000000000e+00,1.714775706850565418e-04
3.050000000000000000e+01,6.318724855094109821e-07,0.000000000000000000e+00,0.000000000000000000e+00,0.000000000000000000e+00,1.714775706850565418e-04
3.062500000000000000e+01,8.419494390868151813e-07,0.000000000000000000e+00,0.000000000000000000e+00,0.000000000000000000e+00,1.714775706850565418e-04
3.075000000000000000e+01,1.309010773020404274e-06,0.000000000000000000e+00,0.000000000000000000e+00,0.000000000000000000e+00,1.714775706850565418e-04
3.087500000000000000e+01,2.226053673179196743e-06,0.000000000000000000e+00,0.000000000000000000e+00,0.000000000000000000e+00,1.714775706850565418e-04
3.100000000000000000e+01,3.858773534541122060e-06,0.000000000000000000e+00,0.000000000000000000e+00,0.000000000000000000e+00,1.714775706850565418e-04
3.112500000000000000e+01,6.514421105486665799e-06,0.000000000000000000e+00,0.000000000000000000e+00,0.000000000000000000e+00,1.714775706850565418e-04
3.125000000000000000e+01,1.049297059583735847e-05,0.000000000000000000e+00,0.000000000000000000e+00,0.000000000000000000e+00,1.714775706850565418e-04
3.137500000000000000e+01,1.602817094611422787e-05,0.000000000000000000e+00,0.000000000000000000e+00,0.000000000000000000e+00,1.714775706850565418e-04
3.150000000000000000e+01,2.322736331260939071e-05,0.000000000000000000e+00,0.000000000000000000e+00,0.000000000000000000e+00,1.714775706850565418e-04
3.162500000000000000e+01,3.201943506221094756e-05,0.000000000000000000e+00,0.000000000000000000e+00,0.000000000000000000e+00,1.714775706850565418e-04
3.175000000000000000e+01,4.212047367249988788e-05,0.000000000000000000e+00,0.000000000000000000e+00,0.000000000000000000e+00,1.714775706850565418e-04
3.187500000000000000e+01,5.302624772956365936e-05,0.000000000000000000e+00,0.000000000000000000e+00,0.000000000000000000e+00,1.714775706850565418e-04
3.200000000000000000e+01,6.403852731904673069e-05,0.000000000000000000e+00,0.000000000000000000e+00,0.000000000000000000e+00,1.714775706850565418e-04
3.212500000000000000e+01,7.432751259310840298e-05,0.000000000000000000e+00,0.000000000000000000e+00,0.000000000000000000e+00,1.714775706850565418e-04
3.225000000000000000e+01,8.302538227020150820e-05,0.000000000000000000e+00,0.000000000000000000e+00,0.000000000000000000e+00,1.714775706850565418e-04
3.237500000000000000e+01,8.933784687371597202e-05,0.000000000000000000e+00,0.000000000000000000e+00,0.000000000000000000e+00,1.714775706850565418e-04
3.250000000000000000e+01,9.265433666931277351e-05,0.000000000000000000e+00,0.000000000000000000e+00,0.000000000000000000e+00,1.714775706850565418e-04
3.262500000000000000e+01,9.263571981428884571e-05,0.000000000000000000e+00,0.000000000000000000e+00,0.000000000000000000e+00,1.714775706850565418e-04
3.275000000000000000e+01,8.926244042699114218e-05,0.000000000000000000e+00,0.000000000000000000e+00,0.000000000000000000e+00,1.714775706850565418e-04
3.287500000000000000e+01,8.283470705584915878e-05,0.000000000000000000e+00,0.000000000000000000e+00,0.000000000000000000e+00,1.714775706850565418e-04
3.300000000000000000e+01,7.392698249592972982e-05,0.000000000000000000e+00,0.000000000000000000e+00,0.000000000000000000e+00,1.714775706850565418e-04
3.312500000000000000e+01,6.330802603555318691e-05,0.000000000000000000e+00,0.000000000000000000e+00,0.000000000000000000e+00,1.714775706850565418e-04
3.325000000000000000e+01,5.184254747014781830e-05,0.000000000000000000e+00,0.000000000000000000e+00,0.000000000000000000e+00,1.714775706850565418e-04
3.337500000000000000e+01,4.039056080592305333e-05,0.000000000000000000e+00,0.000000000000000000e+00,0.000000000000000000e+00,1.714775706850565418e-04
3.350000000000000000e+01,2.971717864518812367e-05,0.000000000000000000e+00,0.000000000000000000e+00,0.000000000000000000e+00,1.714775706850565418e-04
3.362500000000000000e+01,2.042126187882893146e-05,0.000000000000000000e+00,0.000000000000000000e+00,0.000000000000000000e+00,1.714775706850565418e-04
3.375000000000000000e+01,1.288800779143375211e-05,0.000000000000000000e+00,0.000000000000000000e+00,0.000000000000000000e+00,1.714775706850565418e-04
3.387500000000000000e+01,7.268757571364307292e-06,0.000000000000000000e+00,0.000000000000000000e+00,0.000000000000000000e+00,1.714775706850565418e-04
3.400000000000000000e+01,3.490065806398928057e-06,0.000000000000000000e+00,0.000000000000000000e+00,0.000000000000000000e+00,1.714775706850565418e-04
3.412500000000000000e+01,1.291824811738795230e-06,0.000000000000000000e+00,0.000000000000000000e+00,0.000000000000000000e+00,1.714775706850565418e-04
3.425000000000000000e+01,2.900684955484798757e-07,0.000000000000000000e+00,0.000000000000000000e+00,0.000000000000000000e+00,1.714775706850565418e-04
3.437500000000000000e+01,5.462549470281232638e-08,0.000000000000000000e+00,0.000000000000000000e+00,0.000000000000000000e+00,1.714775706850565418e-04
3.450000000000000000e+01,1.871275932676708411e-07,0.000000000000000000e+00,0.000000000000000000e+00,0.000000000000000000e+00,1.714775706850565418e-04
3.462500000000000000e+01,3.834852960817010237e-07,0.000000000000000000e+00,0.000000000000000000e+00,0.000000000000000000e+00,1.714775706850565418e-04
3.475000000000000000e+01,4.682725337949200662e-07,0.000000000000000000e+00,0.000000000000000000e+00,0.000000000000000000e+00,1.714775706850565418e-04
3.487500000000000000e+01,3.959639991896024565e-07,0.000000000000000000e+00,0.000000000000000000e+00,0.000000000000000000e+00,1.714775706850565418e-04
3.500000000000000000e+01,2.231278502881599169e-07,0.000000000000000000e+00,0.000000000000000000e+00,0.000000000000000000e+00,1.714775706850565418e-04
3.512500000000000000e+01,6.311699500868150906e-08,0.000000000000000000e+00,0.000000000000000000e+00,0.000000000000000000e+00,1.714775706850565418e-04
3.525000000000000000e+01,3.786738395680590643e-08,0.000000000000000000e+00,0.000000000000000000e+00,0.000000000000000000e+00,1.714775706850565418e-04
3.537500000000000000e+01,2.393928464067236506e-07,0.000000000000000000e+00,0.000000000000000000e+00,0.000000000000000000e+00,1.714775706850565418e-04
3.550000000000000000e+01,7.079312203300877788e-07,0.000000000000000000e+00,0.000000000000000000e+00,0.000000000000000000e+00,1.714775706850565418e-04
3.562500000000000000e+01,1.427230145306828420e-06,0.000000000000000000e+00,0.000000000000000000e+00,0.000000000000000000e+00,1.714775706850565418e-04
3.575000000000000000e+01,2.332812100654835438e-06,0.000000000000000000e+00,0.000000000000000000e+00,0.000000000000000000e+00,1.714775706850565418e-04
3.587500000000000000e+01,3.327499334390412127e-06,0.000000000000000000e+00,0.000000000000000000e+00,0.000000000000000000e+00,1.714775706850565418e-04
3.600000000000000000e+01,4.299517816442998570e-06,0.000000000000000000e+00,0.000000000000000000e+00,0.000000000000000000e+00,1.714775706850565418e-04
3.612500000000000000e+01,5.140480286261103850e-06,0.000000000000000000e+00,0.000000000000000000e+00,0.000000000000000000e+00,1.714775706850565418e-04
3.625000000000000000e+01,5.761819127591264649e-06,0.000000000000000000e+00,0.000000000000000000e+00,0.000000000000000000e+00,1.714775706850565418e-04
3.637500000000000000e+01,6.108156949450580685e-06,0.000000000000000000e+00,0.000000000000000000e+00,0.000000000000000000e+00,1.714775706850565418e-04
3.650000000000000000e+01,6.165298949801525649e-06,0.000000000000000000e+00,0.000000000000000000e+00,0.000000000000000000e+00,1.714775706850565418e-04
3.662500000000000000e+01,5.960330138198896234e-06,0.000000000000000000e+00,0.000000000000000000e+00,0.000000000000000000e+00,1.714775706850565418e-04
3.675000000000000000e+01,5.552692961398625128e-06,0.000000000000000000e+00,0.000000000000000000e+00,0.000000000000000000e+00,1.714775706850565418e-04
3.687500000000000000e+01,5.017970523583869100e-06,0.000000000000000000e+00,0.000000000000000000e+00,0.000000000000000000e+00,1.714775706850565418e-04
3.700000000000000000e+01,4.429096897038806545e-06,0.000000000000000000e+00,0.000000000000000000e+00,0.000000000000000000e+00,1.714775706850565418e-04
3.712500000000000000e+01,3.841121017892789518e-06,0.000000000000000000e+00,0.000000000000000000e+00,0.000000000000000000e+00,1.714775706850565418e-04
3.725000000000000000e+01,3.284389173556166765e-06,0.000000000000000000e+00,0.000000000000000000e+00,0.000000000000000000e+00,1.714775706850565418e-04
3.737500000000000000e+01,2.767428241045260594e-06,0.000000000000000000e+00,0.000000000000000000e+00,0.000000000000000000e+00,1.714775706850565418e-04
3.750000000000000000e+01,2.286607557968285758e-06,0.000000000000000000e+00,0.000000000000000000e+00,0.000000000000000000e+00,1.714775706850565418e-04
3.762500000000000000e+01,1.836996277019467457e-06,0.000000000000000000e+00,0.000000000000000000e+00,0.000000000000000000e+00,1.714775706850565418e-04
3.775000000000000000e+01,1.419129210548012710e-06,0.000000000000000000e+00,0.000000000000000000e+00,0.000000000000000000e+00,1.714775706850565418e-04
3.787500000000000000e+01,1.039479950409011106e-06,0.000000000000000000e+00,0.000000000000000000e+00,0.000000000000000000e+00,1.714775706850565418e-04
3.800000000000000000e+01,7.066204377791171648e-07,0.000000000000000000e+00,0.000000000000000000e+00,0.000000000000000000e+00,1.714775706850565418e-04
3.812500000000000000e+01,4.280253730962547589e-07,0.000000000000000000e+00,0.000000000000000000e+00,0.000000000000000000e+00,1.714775706850565418e-04
3.825000000000000000e+01,2.126348408266605871e-07,0.000000000000000000e+00,0.000000000000000000e+00,0.000000000000000000e+00,1.714775706850565418e-04
3.837500000000000000e+01,8.155448889305091084e-08,0.000000000000000000e+00,0.000000000000000000e+00,0.000000000000000000e+00,1.714775706850565418e-04
3.850000000000000000e+01,8.512987214947117358e-08,0.000000000000000000e+00,0.000000000000000000e+00,0.000000000000000000e+00,1.714775706850565418e-04
3.862500000000000000e+01,3.212120120027641813e-07,0.000000000000000000e+00,0.000000000000000000e+00,0.000000000000000000e+00,1.714775706850565418e-04
3.875000000000000000e+01,9.482845639109687946e-07,0.000000000000000000e+00,0.000000000000000000e+00,0.000000000000000000e+00,1.714775706850565418e-04
3.887500000000000000e+01,2.188385594933100523e-06,0.000000000000000000e+00,0.000000000000000000e+00,0.000000000000000000e+00,1.714775706850565418e-04
3.900000000000000000e+01,4.317221828980487140e-06,0.000000000000000000e+00,0.000000000000000000e+00,0.000000000000000000e+00,1.714775706850565418e-04
3.912500000000000000e+01,7.640908367922044007e-06,0.000000000000000000e+00,0.000000000000000000e+00,0.000000000000000000e+00,1.714775706850565418e-04
3.925000000000000000e+01,1.245949835228349583e-05,0.000000000000000000e+00,0.000000000000000000e+00,0.000000000000000000e+00,1.714775706850565418e-04
3.937500000000000000e+01,1.901745461165548092e-05,0.000000000000000000e+00,0.000000000000000000e+00,0.000000000000000000e+00,1.714775706850565418e-04
3.950000000000000000e+01,2.744213428245737224e-05,0.000000000000000000e+00,0.000000000000000000e+00,0.000000000000000000e+00,1.714775706850565418e-04
3.962500000000000000e+01,3.767480189947269934e-05,0.000000000000000000e+00,0.000000000000000000e+00,0.000000000000000000e+00,1.714775706850565418e-04
3.975000000000000000e+01,4.940478467278370910e-05,0.000000000000000000e+00,0.000000000000000000e+00,0.000000000000000000e+00,1.714775706850565418e-04
3.987500000000000000e+01,6.202410575338300762e-05,0.000000000000000000e+00,0.000000000000000000e+00,0.000000000000000000e+00,1.714775706850565418e-04
4.000000000000000000e+01,7.462364822012135853e-05,0.000000000000000000e+00,0.000000000000000000e+00,0.000000000000000000e+00,1.714775706850565418e-04
4.012500000000000000e+01,8.604906541328432928e-05,0.000000000000000000e+00,0.000000000000000000e+00,0.000000000000000000e+00,1.714775706850565418e-04
4.025000000000000000e+01,9.502379433936998456e-05,0.000000000000000000e+00,0.000000000000000000e+00,0.000000000000000000e+00,1.714775706850565418e-04
4.037500000000000000e+01,1.003295167053568673e-04,0.000000000000000000e+00,0.000000000000000000e+00,0.000000000000000000e+00,1.714775706850565418e-04
4.050000000000000000e+01,1.010162013799779837e-04,0.000000000000000000e+00,0.000000000000000000e+00,0.000000000000000000e+00,1.714775706850565418e-04
4.062500000000000000e+01,9.660071898948580397e-05,0.000000000000000000e+00,0.000000000000000000e+00,0.000000000000000000e+00,1.714775706850565418e-04
4.075000000000000000e+01,8.720998912465907562e-05,0.000000000000000000e+00,0.000000000000000000e+00,0.000000000000000000e+00,1.714775706850565418e-04
4.087500000000000000e+01,7.363341214124762110e-05,0.000000000000000000e+00,0.000000000000000000e+00,0.000000000000000000e+00,1.714775706850565418e-04
4.100000000000000000e+01,5.726761218385060848e-05,0.000000000000000000e+00,0.000000000000000000e+00,0.000000000000000000e+00,1.714775706850565418e-04
4.112500000000000000e+01,3.995888183958748961e-05,0.000000000000000000e+00,0.000000000000000000e+00,0.000000000000000000e+00,1.714775706850565418e-04
4.125000000000000000e+01,2.376889587840472172e-05,0.000000000000000000e+00,0.000000000000000000e+00,0.000000000000000000e+00,1.714775706850565418e-04
4.137500000000000000e+01,1.070240194716200668e-05,0.000000000000000000e+00,0.000000000000000000e+00,0.000000000000000000e+00,1.714775706850565418e-04
4.150000000000000000e+01,2.439697464540375496e-06,0.000000000000000000e+00,0.000000000000000000e+00,0.000000000000000000e+00,1.714775706850565418e-04
4.162500000000000000e+01,1.126558445265251592e-07,0.000000000000000000e+00,0.000000000000000000e+00,0.000000000000000000e+00,1.714775706850565418e-04
4.175000000000000000e+01,4.153560221236783764e-06,0.000000000000000000e+00,0.000000000000000000e+00,0.000000000000000000e+00,1.714775706850565418e-04
4.187500000000000000e+01,1.423403152070896022e-05,0.000000000000000000e+00,0.000000000000000000e+00,0.000000000000000000e+00,1.714775706850565418e-04
4.200000000000000000e+01,2.929910797956973535e-05,0.000000000000000000e+00,0.000000000000000000e+00,0.000000000000000000e+00,1.714775706850565418e-04
4.212500000000000000e+01,4.769020422180149680e-05,0.000000000000000000e+00,0.000000000000000000e+00,0.000000000000000000e+00,1.714775706850565418e-04
4.225000000000000000e+01,6.734078625962896701e-05,0.000000000000000000e+00,0.000000000000000000e+00,0.000000000000000000e+00,1.714775706850565418e-04
4.237500000000000000e+01,8.602065960696142369e-05,0.000000000000000000e+00,0.000000000000000000e+00,0.000000000000000000e+00,1.714775706850565418e-04
4.250000000000000000e+01,1.015995373213925129e-04,0.000000000000000000e+00,0.000000000000000000e+00,0.000000000000000000e+00,1.714775706850565418e-04
4.262500000000000000e+01,1.122987788577163598e-04,0.000000000000000000e+00,0.000000000000000000e+00,0.000000000000000000e+00,1.714775706850565418e-04
4.275000000000000000e+01,1.169020931610833126e-04,0.000000000000000000e+00,0.000000000000000000e+00,0.000000000000000000e+00,1.714775706850565418e-04
4.287500000000000000e+01,1.149009839595298494e-04,0.000000000000000000e+00,0.000000000000000000e+00,0.000000000000000000e+00,1.714775706850565418e-04
4.300000000000000000e+01,1.065576051828113244e-04,0.000000000000000000e+00,0.000000000000000000e+00,0.000000000000000000e+00,1.714775706850565418e-04
4.312500000000000000e+01,9.287542983344738024e-05,0.000000000000000000e+00,0.000000000000000000e+00,0.000000000000000000e+00,1.714775706850565418e-04
4.325000000000000000e+01,7.547644828756061716e-05,0.000000000000000000e+00,0.000000000000000000e+00,0.000000000000000000e+00,1.714775706850565418e-04
4.337500000000000000e+01,5.639311401607385844e-05,0.000000000000000000e+00,0.000000000000000000e+00,0.000000000000000000e+00,1.714775706850565418e-04
4.350000000000000000e+01,3.779469660611840142e-05,0.000000000000000000e+00,0.000000000000000000e+00,0.000000000000000000e+00,1.714775706850565418e-04
4.362500000000000000e+01,2.168072339025550255e-05,0.000000000000000000e+00,0.000000000000000000e+00,0.000000000000000000e+00,1.714775706850565418e-04
4.375000000000000000e+01,9.586347600594395099e-06,0.000000000000000000e+00,0.000000000000000000e+00,0.000000000000000000e+00,1.714775706850565418e-04
4.387500000000000000e+01,2.351358209662506788e-06,0.000000000000000000e+00,0.000000000000000000e+00,0.000000000000000000e+00,1.714775706850565418e-04
4.400000000000000000e+01,1.273231101484042975e-09,0.000000000000000000e+00,0.000000000000000000e+00,0.000000000000000000e+00,1.714775706850565418e-04
4.412500000000000000e+01,1.772633344920224871e-06,0.000000000000000000e+00,0.000000000000000000e+00,0.000000000000000000e+00,1.714775706850565418e-04
4.425000000000000000e+01,6.286500689091566944e-06,0.000000000000000000e+00,0.000000000000000000e+00,0.000000000000000000e+00,1.714775706850565418e-04
4.437500000000000000e+01,1.184040514270390765e-05,0.000000000000000000e+00,0.000000000000000000e+00,0.000000000000000000e+00,1.714775706850565418e-04
4.450000000000000000e+01,1.675911700990638238e-05,0.000000000000000000e+00,0.000000000000000000e+00,0.000000000000000000e+00,1.714775706850565418e-04
4.462500000000000000e+01,1.972834469846544440e-05,0.000000000000000000e+00,0.000000000000000000e+00,0.000000000000000000e+00,1.714775706850565418e-04
4.475000000000000000e+01,2.003878656860841009e-05,0.000000000000000000e+00,0.000000000000000000e+00,0.000000000000000000e+00,1.714775706850565418e-04
4.487500000000000000e+01,1.769066289743499151e-05,0.000000000000000000e+00,0.000000000000000000e+00,0.000000000000000000e+00,1.714775706850565418e-04
4.500000000000000000e+01,1.334420452629685686e-05,0.000000000000000000e+00,0.000000000000000000e+00,0.000000000000000000e+00,1.714775706850565418e-04
4.512500000000000000e+01,8.138798948808426777e-06,0.000000000000000000e+00,0.000000000000000000e+00,0.000000000000000000e+00,1.714775706850565418e-04
4.525000000000000000e+01,3.431727502794863900e-06,0.000000000000000000e+00,0.000000000000000000e+00,0.000000000000000000e+00,1.714775706850565418e-04
4.537500000000000000e+01,5.195691434950794827e-07,0.000000000000000000e+00,0.000000000000000000e+00,0.000000000000000000e+00,1.714775706850565418e-04
4.550000000000000000e+01,4.001789305135886441e-07,0.000000000000000000e+00,0.000000000000000000e+00,0.000000000000000000e+00,1.714775706850565418e-04
4.562500000000000000e+01,3.614985716377756760e-06,0.000000000000000000e+00,0.000000000000000000e+00,0.000000000000000000e+00,1.714775706850565418e-04
4.575000000000000000e+01,1.018763936185127789e-05,0.000000000000000000e+00,0.000000000000000000e+00,0.000000000000000000e+00,1.714775706850565418e-04
4.587500000000000000e+01,1.965318770507275072e-05,0.000000000000000000e+00,0.000000000000000000e+00,0.000000000000000000e+00,1.714775706850565418e-04
4.600000000000000000e+01,3.115687692007589239e-05,0.000000000000000000e+00,0.000000000000000000e+00,0.000000000000000000e+00,1.714775706850565418e-04
4.612500000000000000e+01,4.359482669579326555e-05,0.000000000000000000e+00,0.000000000000000000e+00,0.000000000000000000e+00,1.714775706850565418e-04
4.625000000000000000e+01,5.576897176026569906e-05,0.000000000000000000e+00,0.000000000000000000e+00,0.000000000000000000e+00,1.714775706850565418e-04
4.637500000000000000e+01,6.653328357423808777e-05,0.000000000000000000e+00,0.000000000000000000e+00,0.000000000000000000e+00,1.714775706850565418e-04
4.650000000000000000e+01,7.491501667165641600e-05,0.000000000000000000e+00,0.000000000000000000e+00,0.000000000000000000e+00,1.714775706850565418e-04
4.662500000000000000e+01,8.020191745619014800e-05,0.000000000000000000e+00,0.000000000000000000e+00,0.000000000000000000e+00,1.714775706850565418e-04
4.675000000000000000e+01,8.199292009976728813e-05,0.000000000000000000e+00,0.000000000000000000e+00,0.000000000000000000e+00,1.714775706850565418e-04
4.687500000000000000e+01,8.021493579452737294e-05,0.000000000000000000e+00,0.000000000000000000e+00,0.000000000000000000e+00,1.714775706850565418e-04
4.700000000000000000e+01,7.511108595999288723e-05,0.000000000000000000e+00,0.000000000000000000e+00,0.000000000000000000e+00,1.714775706850565418e-04
4.712500000000000000e+01,6.720575912719439153e-05,0.000000000000000000e+00,0.000000000000000000e+00,0.000000000000000000e+00,1.714775706850565418e-04
4.725000000000000000e+01,5.724982369925984174e-05,0.000000000000000000e+00,0.000000000000000000e+00,0.000000000000000000e+00,1.714775706850565418e-04
4.737500000000000000e+01,4.614701581940025733e-05,0.000000000000000000e+00,0.000000000000000000e+00,0.000000000000000000e+00,1.714775706850565418e-04
4.750000000000000000e+01,3.486228145929517373e-05,0.000000000000000000e+00,0.000000000000000000e+00,0.000000000000000000e+00,1.714775706850565418e-04
4.762500000000000000e+01,2.431625232712852368e-05,0.000000000000000000e+00,0.000000000000000000e+00,0.000000000000000000e+00,1.714775706850565418e-04
4.775000000000000000e+01,1.527662282907181579e-05,0.000000000000000000e+00,0.000000000000000000e+00,0.000000000000000000e+00,1.714775706850565418e-04
4.787500000000000000e+01,8.264154125643187622e-06,0.000000000000000000e+00,0.000000000000000000e+00,0.000000000000000000e+00,1.714775706850565418e-04
4.800000000000000000e+01,3.494215850499182818e-06,0.000000000000000000e+00,0.000000000000000000e+00,0.000000000000000000e+00,1.714775706850565418e-04
4.812500000000000000e+01,8.708022984734012749e-07,0.000000000000000000e+00,0.000000000000000000e+00,0.000000000000000000e+00,1.714775706850565418e-04
4.825000000000000000e+01,3.831906346561917679e-08,0.000000000000000000e+00,0.000000000000000000e+00,0.000000000000000000e+00,1.714775706850565418e-04
4.837500000000000000e+01,4.804010343902251464e-07,0.000000000000000000e+00,0.000000000000000000e+00,0.000000000000000000e+00,1.714775706850565418e-04
4.850000000000000000e+01,1.640633074062930023e-06,0.000000000000000000e+00,0.000000000000000000e+00,0.000000000000000000e+00,1.714775706850565418e-04
4.862500000000000000e+01,3.033461807788566812e-06,0.000000000000000000e+00,0.000000000000000000e+00,0.000000000000000000e+00,1.714775706850565418e-04
4.875000000000000000e+01,4.318060138700392306e-06,0.000000000000000000e+00,0.000000000000000000e+00,0.000000000000000000e+00,1.714775706850565418e-04
4.887500000000000000e+01,5.321938611613047096e-06,0.000000000000000000e+00,0.000000000000000000e+00,0.000000000000000000e+00,1.714775706850565418e-04
4.900000000000000000e+01,6.018882531172806087e-06,0.000000000000000000e+00,0.000000000000000000e+00,0.000000000000000000e+00,1.714775706850565418e-04
4.912500000000000000e+01,6.479842487971509365e-06,0.000000000000000000e+00,0.000000000000000000e+00,0.000000000000000000e+00,1.714775706850565418e-04
4.925000000000000000e+01,6.820113305370884832e-06,0.000000000000000000e+00,0.000000000000000000e+00,0.000000000000000000e+00,1.714775706850565418e-04
4.937500000000000000e+01,7.160464146607408651e-06,0.000000000000000000e+00,0.000000000000000000e+00,0.000000000000000000e+00,1.714775706850565418e-04
4.950000000000000000e+01,7.607752105549052301e-06,0.000000000000000000e+00,0.000000000000000000e+00,0.000000000000000000e+00,1.714775706850565418e-04
4.962500000000000000e+01,8.248715514051511099e-06,0.000000000000000000e+00,0.000000000000000000e+00,0.000000000000000000e+00,1.714775706850565418e-04
4.975000000000000000e+01,9.145140814408452779e-06,0.000000000000000000e+00,0.000000000000000000e+00,0.000000000000000000e+00,1.714775706850565418e-04
4.987500000000000000e+01,1.032166355358101042e-05,0.000000000000000000e+00,0.000000000000000000e+00,0.000000000000000000e+00,1.714775706850565418e-04
5.000000000000000000e+01,1.174652288531011740e-05,0.000000000000000000e+00,0.000000000000000000e+00,0.000000000000000000e+00,1.714775706850565418e-04
5.012500000000000000e+01,1.331483139411591237e-05,0.000000000000000000e+00,0.000000000000000000e+00,0.000000000000000000e+00,1.714775706850565418e-04
5.025000000000000000e+01,1.484758629964129320e-05,0.000000000000000000e+00,0.000000000000000000e+00,0.000000000000000000e+00,1.714775706850565418e-04
5.037500000000000000e+01,1.611519531226137343e-05,0.000000000000000000e+00,0.000000000000000000e+00,0.000000000000000000e+00,1.714775706850565418e-04
5.050000000000000000e+01,1.688375986098607394e-05,0.000000000000000000e+00,0.000000000000000000e+00,0.000000000000000000e+00,1.714775706850565418e-04
5.062500000000000000e+01,1.697120263031920843e-05,0.000000000000000000e+00,0.000000000000000000e+00,0.000000000000000000e+00,1.714775706850565418e-04
5.075000000000000000e+01,1.629441555081456033e-05,0.000000000000000000e+00,0.000000000000000000e+00,0.000000000000000000e+00,1.714775706850565418e-04
5.087500000000000000e+01,1.489107440364482758e-05,0.000000000000000000e+00,0.000000000000000000e+00,0.000000000000000000e+00,1.714775706850565418e-04
5.100000000000000000e+01,1.290942552787839220e-05,0.000000000000000000e+00,0.000000000000000000e+00,0.000000000000000000e+00,1.714775706850565418e-04
5.112500000000000000e+01,1.057145522824799699e-05,0.000000000000000000e+00,0.000000000000000000e+00,0.000000000000000000e+00,1.714775706850565418e-04
5.125000000000000000e+01,8.123732012881081460e-06,0.000000000000000000e+00,0.000000000000000000e+00,0.000000000000000000e+00,1.714775706850565418e-04
5.137500000000000000e+01,5.792225578127958335e-06,0.000000000000000000e+00,0.000000000000000000e+00,0.000000000000000000e+00,1.714775706850565418e-04
5.150000000000000000e+01,3.752613707549713091e-06,0.000000000000000000e+00,0.000000000000000000e+00,0.000000000000000000e+00,1.714775706850565418e-04
5.162500000000000000e+01,2.119305641356815388e-06,0.000000000000000000e+00,0.000000000000000000e+00,0.000000000000000000e+00,1.714775706850565418e-04
5.175000000000000000e+01,9.490731155084102826e-07,0.000000000000000000e+00,0.000000000000000000e+00,0.000000000000000000e+00,1.714775706850565418e-04
5.187500000000000000e+01,2.518517603549257578e-07,0.000000000000000000e+00,0.000000000000000000e+00,0.000000000000000000e+00,1.714775706850565418e-04
5.200000000000000000e+01,2.256543918519401126e-09,0.000000000000000000e+00,0.000000000000000000e+00,0.000000000000000000e+00,1.714775706850565418e-04
5.212500000000000000e+01,1.485842250914807208e-07,0.000000000000000000e+00,0.000000000000000000e+00,0.000000000000000000e+00,1.714775706850565418e-04
5.225000000000000000e+01,6.188862197087011387e-07,0.000000000000000000e+00,0.000000000000000000e+00,0.000000000000000000e+00,1.714775706850565418e-04
5.237500000000000000e+01,1.324678796595422182e-06,0.000000000000000000e+00,0.000000000000000000e+00,0.000000000000000000e+00,1.714775706850565418e-04
5.250000000000000000e+01,2.162598952019559115e-06,0.000000000000000000e+00,0.000000000000000000e+00,0.000000000000000000e+00,1.714775706850565418e-04
5.262500000000000000e+01,3.014557678546318791e-06,0.000000000000000000e+00,0.000000000000000000e+00,0.000000000000000000e+00,1.714775706850565418e-04
5.275000000000000000e+01,3.748837630910247363e-06,0.000000000000000000e+00,0.000000000000000000e+00,0.000000000000000000e+00,1.714775706850565418e-04
5.287500000000000000e+01,4.227324985726142349e-06,0.000000000000000000e+00,0.000000000000000000e+00,0.000000000000000000e+00,1.714775706850565418e-04
5.300000000000000000e+01,4.325034581541626819e-06,0.000000000000000000e+00,0.000000000000000000e+00,0.000000000000000000e+00,1.714775706850565418e-04
5.312500000000000000e+01,3.964602005766484864e-06,0.000000000000000000e+00,0.000000000000000000e+00,0.000000000000000000e+00,1.714775706850565418e-04
5.325000000000000000e+01,3.160070117938515842e-06,0.000000000000000000e+00,0.000000000000000000e+00,0.000000000000000000e+00,1.714775706850565418e-04
5.337500000000000000e+01,2.054255745952884375e-06,0.000000000000000000e+00,0.000000000000000000e+00,0.000000000000000000e+00,1.714775706850565418e-04
5.350000000000000000e+01,9.280640295268886035e-07,0.000000000000000000e+00,0.000000000000000000e+00,0.000000000000000000e+00,1.714775706850565418e-04
5.362500000000000000e+01,1.637813843784633926e-07,0.000000000000000000e+00,0.000000000000000000e+00,0.000000000000000000e+00,1.714775706850565418e-04
5.375000000000000000e+01,1.591291028445414473e-07,0.000000000000000000e+00,0.000000000000000000e+00,0.000000000000000000e+00,1.714775706850565418e-04
5.387500000000000000e+01,1.210243619796962304e-06,0.000000000000000000e+00,0.000000000000000000e+00,0.000000000000000000e+00,1.714775706850565418e-04
5.400000000000000000e+01,3.400471771321697688e-06,0.000000000000000000e+00,0.000000000000000000e+00,0.000000000000000000e+00,1.714775706850565418e-04
5.412500000000000000e+01,6.537941334691509148e-06,0.000000000000000000e+00,0.000000000000000000e+00,0.000000000000000000e+00,1.714775706850565418e-04
5.425000000000000000e+01,1.017287383221060245e-05,0.000000000000000000e+00,0.000000000000000000e+00,0.000000000000000000e+00,1.714775706850565418e-04
5.437500000000000000e+01,1.369828626349423402e-05,0.000000000000000000e+00,0.000000000000000000e+00,0.000000000000000000e+00,1.714775706850565418e-04
5.450000000000000000e+01,1.650566867676490768e-05,0.000000000000000000e+00,0.000000000000000000e+00,0.000000000000000000e+00,1.714775706850565418e-04
5.462500000000000000e+01,1.814440472785539419e-05,0.000000000000000000e+00,0.000000000000000000e+00,0.000000000000000000e+00,1.714775706850565418e-04
5.475000000000000000e+01,1.843086597323381003e-05,0.000000000000000000e+00,0.000000000000000000e+00,0.000000000000000000e+00,1.714775706850565418e-04
5.487500000000000000e+01,1.747228758385852628e-05,0.000000000000000000e+00,0.000000000000000000e+00,0.000000000000000000e+00,1.714775706850565418e-04
5.500000000000000000e+01,1.560364558699997911e-05,0.000000000000000000e+00,0.000000000000000000e+00,0.000000000000000000e+00,1.714775706850565418e-04
5.512500000000000000e+01,1.326823230728253532e-05,0.000000000000000000e+00,0.000000000000000000e+00,0.000000000000000000e+00,1.714775706850565418e-04
5.525000000000000000e+01,1.089034594403406380e-05,0.000000000000000000e+00,0.000000000000000000e+00,0.000000000000000000e+00,1.714775706850565418e-04
5.537500000000000000e+01,8.784586948737372900e-06,0.000000000000000000e+00,0.000000000000000000e+00,0.000000000000000000e+00,1.714775706850565418e-04
5.550000000000000000e+01,7.124188981506764631e-06,0.000000000000000000e+00,0.000000000000000000e+00,0.000000000000000000e+00,1.714775706850565418e-04
5.562500000000000000e+01,5.962394610199430952e-06,0.000000000000000000e+00,0.000000000000000000e+00,0.000000000000000000e+00,1.714775706850565418e-04
5.575000000000000000e+01,5.279986973591364864e-06,0.000000000000000000e+00,0.000000000000000000e+00,0.000000000000000000e+00,1.714775706850565418e-04
5.587500000000000000e+01,5.027645878440261178e-06,0.000000000000000000e+00,0.000000000000000000e+00,0.000000000000000000e+00,1.714775706850565418e-04
5.600000000000000000e+01,5.143663689937852962e-06,0.000000000000000000e+00,0.000000000000000000e+00,0.000000000000000000e+00,1.714775706850565418e-04
5.612500000000000000e+01,5.547291609804063573e-06,0.000000000000000000e+00,0.000000000000000000e+00,0.000000000000000000e+00,1.714775706850565418e-04
5.625000000000000000e+01,6.123952872602875995e-06,0.000000000000000000e+00,0.000000000000000000e+00,0.000000000000000000e+00,1.714775706850565418e-04
5.637500000000000000e+01,6.722391521520029370e-06,0.000000000000000000e+00,0.000000000000000000e+00,0.000000000000000000e+00,1.714775706850565418e-04
5.650000000000000000e+01,7.174694760784934997e-06,0.000000000000000000e+00,0.000000000000000000e+00,0.000000000000000000e+00,1.714775706850565418e-04
5.662500000000000000e+01,7.334574660950310856e-06,0.000000000000000000e+00,0.000000000000000000e+00,0.000000000000000000e+00,1.714775706850565418e-04
5.675000000000000000e+01,7.116976927994701763e-06,0.000000000000000000e+00,0.000000000000000000e+00,0.000000000000000000e+00,1.714775706850565418e-04
5.687500000000000000e+01,6.520049342095359700e-06,0.000000000000000000e+00,0.000000000000000000e+00,0.000000000000000000e+00,1.714775706850565418e-04
5.700000000000000000e+01,5.619347871682666458e-06,0.000000000000000000e+00,0.000000000000000000e+00,0.000000000000000000e+00,1.714775706850565418e-04
5.712500000000000000e+01,4.538173966836147540e-06,0.000000000000000000e+00,0.000000000000000000e+00,0.000000000000000000e+00,1.714775706850565418e-04
5.725000000000000000e+01,3.408921585356060822e-06,0.000000000000000000e+00,0.000000000000000000e+00,0.000000000000000000e+00,1.714775706850565418e-04
5.737500000000000000e+01,2.342591003264550730e-06,0.000000000000000000e+00,0.000000000000000000e+00,0.000000000000000000e+00,1.714775706850565418e-04
5.750000000000000000e+01,1.417162181253730721e-06,0.000000000000000000e+00,0.000000000000000000e+00,0.000000000000000000e+00,1.714775706850565418e-04
5.762500000000000000e+01,6.853203105632630509e-07,0.000000000000000000e+00,0.000000000000000000e+00,0.000000000000000000e+00,1.714775706850565418e-04
5.775000000000000000e+01,1.944031361384377025e-07,0.000000000000000000e+00,0.000000000000000000e+00,0.000000000000000000e+00,1.714775706850565418e-04
5.787500000000000000e+01,9.710439535287240451e-09,0.000000000000000000e+00,0.000000000000000000e+00,0.000000000000000000e+00,1.714775706850565418e-04
5.800000000000000000e+01,2.348586292186504411e-07,0.000000000000000000e+00,0.000000000000000000e+00,0.000000000000000000e+00,1.714775706850565418e-04
5.812500000000000000e+01,1.024892528348726349e-06,0.000000000000000000e+00,0.000000000000000000e+00,0.000000000000000000e+00,1.714775706850565418e-04
5.825000000000000000e+01,2.585746128163698977e-06,0.000000000000000000e+00,0.000000000000000000e+00,0.000000000000000000e+00,1.714775706850565418e-04
5.837500000000000000e+01,5.148663474028538866e-06,0.000000000000000000e+00,0.000000000000000000e+00,0.000000000000000000e+00,1.714775706850565418e-04
5.850000000000000000e+01,8.906793377755374677e-06,0.000000000000000000e+00,0.000000000000000000e+00,0.000000000000000000e+00,1.714775706850565418e-04
5.862500000000000000e+01,1.391078416811520668e-05,0.000000000000000000e+00,0.000000000000000000e+00,0.000000000000000000e+00,1.714775706850565418e-04
5.875000000000000000e+01,1.994285957322359710e-05,0.000000000000000000e+00,0.000000000000000000e+00,0.000000000000000000e+00,1.714775706850565418e-04
5.887500000000000000e+01,2.641681737822961729e-05,0.000000000000000000e+00,0.000000000000000000e+00,0.000000000000000000e+00,1.714775706850565418e-04
5.900000000000000000e+01,3.236850507998031409e-05,0.000000000000000000e+00,0.000000000000000000e+00,0.000000000000000000e+00,1.714775706850565418e-04
5.912500000000000000e+01,3.659076809329326035e-05,0.000000000000000000e+00,0.000000000000000000e+00,0.000000000000000000e+00,1.714775706850565418e-04
5.925000000000000000e+01,3.792188719865647825e-05,0.000000000000000000e+00,0.000000000000000000e+00,0.000000000000000000e+00,1.714775706850565418e-04
5.937500000000000000e+01,3.562811417062354227e-05,0.000000000000000000e+00,0.000000000000000000e+00,0.000000000000000000e+00,1.714775706850565418e-04
5.950000000000000000e+01,2.975691920591635049e-05,0.000000000000000000e+00,0.000000000000000000e+00,0.000000000000000000e+00,1.714775706850565418e-04
5.962500000000000000e+01,2.131177307075121633e-05,0.000000000000000000e+00,0.000000000000000000e+00,0.000000000000000000e+00,1.714775706850565418e-04
5.975000000000000000e+01,1.213466494415536696e-05,0.000000000000000000e+00,0.000000000000000000e+00,0.000000000000000000e+00,1.714775706850565418e-04
5.987500000000000000e+01,4.476809661849425244e-06,0.000000000000000000e+00,0.000000000000000000e+00,0.000000000000000000e+00,1.714775706850565418e-04
6.000000000000000000e+01,3.597716361470476760e-07,0.000000000000000000e+00,0.000000000000000000e+00,0.000000000000000000e+00,1.714775706850565418e-04
6.012500000000000000e+01,9.286633581582276179e-07,0.000000000000000000e+00,0.000000000000000000e+00,0.000000000000000000e+00,1.714775706850565418e-04
6.025000000000000000e+01,6.029226789141842757e-06,0.000000000000000000e+00,0.000000000000000000e+00,0.000000000000000000e+00,1.714775706850565418e-04
6.037500000000000000e+01,1.418016293549285639e-05,0.000000000000000000e+00,0.000000000000000000e+00,0.000000000000000000e+00,1.714775706850565418e-04
6.050000000000000000e+01,2.297799790247047542e-05,0.000000000000000000e+00,0.000000000000000000e+00,0.000000000000000000e+00,1.714775706850565418e-04
6.062500000000000000e+01,2.981468971190857732e-05,0.000000000000000000e+00,0.000000000000000000e+00,0.000000000000000000e+00,1.714775706850565418e-04
6.075000000000000000e+01,3.267150324149889381e-05,0.000000000000000000e+00,0.000000000000000000e+00,0.000000000000000000e+00,1.714775706850565418e-04
6.087500000000000000e+01,3.072466593573084769e-05,0.000000000000000000e+00,0.000000000000000000e+00,0.000000000000000000e+00,1.714775706850565418e-04
6.100000000000000000e+01,2.457023055917588071e-05,0.000000000000000000e+00,0.000000000000000000e+00,0.000000000000000000e+00,1.714775706850565418e-04
6.112500000000000000e+01,1.601659081013432292e-05,0.000000000000000000e+00,0.000000000000000000e+00,0.000000000000000000e+00,1.714775706850565418e-04
6.125000000000000000e+01,7.544529450808381388e-06,0.000000000000000000e+00,0.000000000000000000e+00,0.000000000000000000e+00,1.714775706850565418e-04
6.137500000000000000e+01,1.636610708369116222e-06,0.000000000000000000e+00,0.000000000000000000e+00,0.000000000000000000e+00,1.714775706850565418e-04
6.150000000000000000e+01,1.951461378155105763e-07,0.000000000000000000e+00,0.000000000000000000e+00,0.000000000000000000e+00,1.714775706850565418e-04
6.162500000000000000e+01,4.203974178434985338e-06,0.000000000000000000e+00,0.000000000000000000e+00,0.000000000000000000e+00,1.714775706850565418e-04
6.175000000000000000e+01,1.367989821092905470e-05,0.000000000000000000e+00,0.000000000000000000e+00,0.000000000000000000e+00,1.714775706850565418e-04
6.187500000000000000e+01,2.785399271636262400e-05,0.000000000000000000e+00,0.000000000000000000e+00,0.000000000000000000e+00,1.714775706850565418e-04
6.200000000000000000e+01,4.546021952117513816e-05,0.000000000000000000e+00,0.000000000000000000e+00,0.000000000000000000e+00,1.714775706850565418e-04
6.212500000000000000e+01,6.500308084996458220e-05,0.000000000000000000e+00,0.000000000000000000e+00,0.000000000000000000e+00,1.714775706850565418e-04
6.225000000000000000e+01,8.491641271365731503e-05,0.000000000000000000e+00,0.000000000000000000e+00,0.000000000000000000e+00,1.714775706850565418e-04
6.237500000000000000e+01,1.035877865546185387e-04,0.000000000000000000e+00,0.000000000000000000e+00,0.000000000000000000e+00,1.714775706850565418e-04
6.250000000000000000e+01,1.192851961456033475e-04,0.000000000000000000e+00,0.000000000000000000e+00,0.000000000000000000e+00,1.714775706850565418e-04
6.262500000000000000e+01,1.300728957828275101e-04,0.000000000000000000e+00,0.000000000000000000e+00,0.000000000000000000e+00,1.714775706850565418e-04
6.275000000000000000e+01,1.338370314216841695e-04,0.000000000000000000e+00,0.000000000000000000e+00,0.000000000000000000e+00,1.714775706850565418e-04
6.287500000000000000e+01,1.285522976452910487e-04,0.000000000000000000e+00,0.000000000000000000e+00,0.000000000000000000e+00,1.714775706850565418e-04
6.300000000000000000e+01,1.128921344468218694e-04,0.000000000000000000e+00,0.000000000000000000e+00,0.000000000000000000e+00,1.714775706850565418e-04
6.312500000000000000e+01,8.719635166812009024e-05,0.000000000000000000e+00,0.000000000000000000e+00,0.000000000000000000e+00,1.714775706850565418e-04
6.325000000000000000e+01,5.465432466303717936e-05,0.000000000000000000e+00,0.000000000000000000e+00,0.000000000000000000e+00,1.714775706850565418e-04
6.337500000000000000e+01,2.236664804037618180e-05,0.000000000000000000e+00,0.000000000000000000e+00,0.000000000000000000e+00,1.714775706850565418e-04
6.350000000000000000e+01,1.784913013269405748e-06,0.000000000000000000e+00,0.000000000000000000e+00,0.000000000000000000e+00,1.714775706850565418e-04
6.362500000000000000e+01,7.997289934749843307e-06,0.000000000000000000e+00,0.000000000000000000e+00,0.000000000000000000e+00,1.714775706850565418e-04
6.375000000000000000e+01,5.751123711791940080e-05,0.000000000000000000e+00,1.000000000000000000e+00,0.000000000000000000e+00,1.714775706850565418e-04
6.387500000000000000e+01,1.646004579358970098e-04,0.000000000000000000e+00,0.000000000000000000e+00,0.000000000000000000e+00,1.714775706850565418e-04
6.400000000000000000e+01,3.368433185044286422e-04,0.000000000000000000e+00,0.000000000000000000e+00,0.000000000000000000e+00,1.714775706850565418e-04
6.412500000000000000e+01,5.709975888021625798e-04,0.000000000000000000e+00,0.000000000000000000e+00,0.000000000000000000e+00,1.714775706850565418e-04
6.425000000000000000e+01,8.506031615055537369e-04,0.000000000000000000e+00,0.000000000000000000e+00,0.000000000000000000e+00,1.714775706850565418e-04
6.437500000000000000e+01,1.146503548407488363e-03,0.000000000000000000e+00,0.000000000000000000e+00,0.000000000000000000e+00,1.714775706850565418e-04
6.450000000000000000e+01,1.420795312732913221e-03,0.000000000000000000e+00,0.000000000000000000e+00,0.000000000000000000e+00,1.714775706850565418e-04
6.462500000000000000e+01,1.633708931745099470e-03,0.000000000000000000e+00,0.000000000000000000e+00,0.000000000000000000e+00,1.714775706850565418e-04
6.475000000000000000e+01,1.751911722934759025e-03,0.000000000000000000e+00,0.000000000000000000e+00,0.000000000000000000e+00,1.714775706850565418e-04
6.487500000000000000e+01,1.756075192235361480e-03,1.000000000000000000e+00,0.000000000000000000e+00,0.000000000000000000e+00,1.714775706850565418e-04
6.500000000000000000e+01,1.645547933258256290e-03,0.000000000000000000e+00,0.000000000000000000e+00,0.000000000000000000e+00,1.714775706850565418e-04
6.512500000000000000e+01,1.438689387163893116e-03,0.000000000000000000e+00,0.000000000000000000e+00,0.000000000000000000e+00,1.714775706850565418e-04
6.525000000000000000e+01,1.168654857370650477e-03,0.000000000000000000e+00,0.000000000000000000e+00,0.000000000000000000e+00,1.714775706850565418e-04
6.537500000000000000e+01,8.757760747358925898e-04,0.000000000000000000e+00,0.000000000000000000e+00,0.000000000000000000e+00,1.714775706850565418e-04
6.550000000000000000e+01,5.986885245807837576e-04,0.000000000000000000e+00,0.000000000000000000e+00,0.000000000000000000e+00,1.714775706850565418e-04
6.562500000000000000e+01,3.666644293181465695e-04,0.000000000000000000e+00,0.000000000000000000e+00,0.000000000000000000e+00,1.714775706850565418e-04
6.575000000000000000e+01,1.951181644319484830e-04,0.000000000000000000e+00,0.000000000000000000e+00,0.000000000000000000e+00,1.714775706850565418e-04
6.587500000000000000e+01,8.515047894388088907e-05,0.000000000000000000e+00,0.000000000000000000e+00,0.000000000000000000e+00,1.714775706850565418e-04
